{
    "Visual": 0.3343004819587421,
    "Intensity": 0.09809159326556642,
    "Vertigo": 0.08571612363014093,
    "Frequency": 0.07251337526771359,
    "Sensory": 0.05567179691180239,
    "Dysphasia": 0.05516812404716943,
    "Tinnitus": 0.051070175198073026,
    "Duration": 0.04455184759681802,
    "Vomit": 0.038685690225185705,
    "Age": 0.03697857896965232
}