{
    "Visual": 0.3206747015070975,
    "Vertigo": 0.10216536687227441,
    "Intensity": 0.09300686036057963,
    "Frequency": 0.06936768810567381,
    "Dysphasia": 0.058861885970186205,
    "Vomit": 0.05055827915400856,
    "Tinnitus": 0.044699435055205475,
    "Sensory": 0.044696779242791106,
    "Duration": 0.041882008982326725,
    "Age": 0.041337526148929986
}