{
    "Accuracy": 0.9166666666666666,
    "F1_score": 0.9333333333333333
}